claim_id,accident_year,payment_year,paid
C00001,2019,2019,45817
C00001,2019,2020,41786
C00001,2019,2021,26245
C00001,2019,2022,16644
C00001,2019,2023,11553
C00001,2019,2024,4267
C00002,2019,2019,73114
C00002,2019,2020,31150
C00002,2019,2021,23239
C00002,2019,2022,29656
C00002,2019,2023,8026
C00002,2019,2024,6695
C00003,2019,2019,63049
C00003,2019,2020,19320
C00003,2019,2021,16316
C00003,2019,2022,6550
C00003,2019,2023,5483
C00003,2019,2024,773
C00004,2019,2019,43419
C00004,2019,2020,32122
C00004,2019,2021,14072
C00004,2019,2022,18989
C00004,2019,2023,3694
C00004,2019,2024,2627
C00005,2019,2019,34128
C00005,2019,2020,9942
C00005,2019,2021,8992
C00005,2019,2022,3484
C00005,2019,2023,3948
C00005,2019,2024,2586
C00006,2019,2019,19460
C00006,2019,2020,9319
C00006,2019,2021,7984
C00006,2019,2022,6290
C00006,2019,2023,649
C00006,2019,2024,920
C00007,2019,2019,39822
C00007,2019,2020,45518
C00007,2019,2021,14631
C00007,2019,2022,17081
C00007,2019,2023,13402
C00007,2019,2024,4330
C00008,2019,2019,57828
C00008,2019,2020,60745
C00008,2019,2021,39349
C00008,2019,2022,36174
C00008,2019,2023,20658
C00008,2019,2024,11338
C00009,2019,2019,28278
C00009,2019,2020,8401
C00009,2019,2021,5550
C00009,2019,2022,4280
C00009,2019,2023,1377
C00010,2019,2019,97400
C00010,2019,2020,99627
C00010,2019,2021,29050
C00010,2019,2022,43424
C00010,2019,2023,12559
C00010,2019,2024,17362
C00011,2019,2019,63404
C00011,2019,2020,33498
C00011,2019,2021,21248
C00011,2019,2022,7832
C00011,2019,2023,8010
C00011,2019,2024,7780
C00012,2019,2019,50928
C00012,2019,2020,17206
C00012,2019,2021,11229
C00012,2019,2022,6134
C00012,2019,2023,15066
C00012,2019,2024,4061
C00013,2019,2019,52785
C00013,2019,2020,19360
C00013,2019,2021,18228
C00013,2019,2022,23008
C00013,2019,2023,3434
C00013,2019,2024,3072
C00014,2019,2019,48557
C00014,2019,2020,33992
C00014,2019,2021,8498
C00014,2019,2022,19250
C00014,2019,2023,6520
C00014,2019,2024,1041
C00015,2019,2019,37847
C00015,2019,2020,27490
C00015,2019,2021,27003
C00015,2019,2022,12976
C00015,2019,2023,14224
C00015,2019,2024,6890
C00016,2019,2019,178252
C00016,2019,2020,71360
C00016,2019,2021,35602
C00016,2019,2022,58257
C00016,2019,2023,11403
C00016,2019,2024,4567
C00017,2019,2019,40223
C00017,2019,2020,20189
C00017,2019,2021,11456
C00017,2019,2022,7912
C00017,2019,2023,4131
C00017,2019,2024,1657
C00018,2019,2019,27675
C00018,2019,2020,10642
C00018,2019,2021,9262
C00018,2019,2022,1483
C00018,2019,2023,3652
C00018,2019,2024,3480
C00019,2019,2019,24905
C00019,2019,2020,14621
C00019,2019,2021,15684
C00019,2019,2022,2124
C00019,2019,2023,2360
C00019,2019,2024,1361
C00020,2019,2019,56142
C00020,2019,2020,32602
C00020,2019,2021,22448
C00020,2019,2022,13378
C00020,2019,2023,12746
C00020,2019,2024,1751
C00021,2019,2019,18160
C00021,2019,2020,13451
C00021,2019,2021,4500
C00021,2019,2022,4756
C00021,2019,2023,11494
C00021,2019,2024,668
C00022,2019,2019,37731
C00022,2019,2020,44622
C00022,2019,2021,17104
C00022,2019,2022,8051
C00022,2019,2023,8712
C00022,2019,2024,946
C00023,2019,2019,31875
C00023,2019,2020,18106
C00023,2019,2021,8999
C00023,2019,2022,7789
C00023,2019,2023,2524
C00023,2019,2024,1675
C00024,2019,2019,31385
C00024,2019,2020,26483
C00024,2019,2021,11139
C00024,2019,2022,5749
C00024,2019,2023,2366
C00024,2019,2024,1654
C00025,2019,2019,21458
C00025,2019,2020,18644
C00025,2019,2021,5161
C00025,2019,2022,3915
C00025,2019,2023,1182
C00025,2019,2024,1403
C00026,2019,2019,102082
C00026,2019,2020,51135
C00026,2019,2021,32570
C00026,2019,2022,22168
C00026,2019,2023,1025
C00026,2019,2024,1843
C00027,2019,2019,21242
C00027,2019,2020,16457
C00027,2019,2021,5332
C00027,2019,2022,8233
C00027,2019,2023,684
C00027,2019,2024,2623
C00028,2019,2019,43767
C00028,2019,2020,24244
C00028,2019,2021,15208
C00028,2019,2022,5302
C00028,2019,2023,4632
C00028,2019,2024,4901
C00029,2019,2019,75116
C00029,2019,2020,19228
C00029,2019,2021,34192
C00029,2019,2022,6932
C00029,2019,2023,14901
C00029,2019,2024,7546
C00030,2019,2019,130895
C00030,2019,2020,53918
C00030,2019,2021,40141
C00030,2019,2022,38904
C00030,2019,2023,25528
C00030,2019,2024,9106
C00031,2019,2019,31965
C00031,2019,2020,30435
C00031,2019,2021,21796
C00031,2019,2022,8243
C00031,2019,2023,9088
C00031,2019,2024,5300
C00032,2019,2019,20551
C00032,2019,2020,14142
C00032,2019,2021,6971
C00032,2019,2022,12987
C00032,2019,2023,8502
C00032,2019,2024,2595
C00033,2019,2019,52346
C00033,2019,2020,22602
C00033,2019,2021,10925
C00033,2019,2022,12437
C00033,2019,2023,3899
C00033,2019,2024,4046
C00034,2019,2019,38044
C00034,2019,2020,12633
C00034,2019,2021,8210
C00034,2019,2022,12390
C00034,2019,2023,7190
C00034,2019,2024,1692
C00035,2019,2019,104438
C00035,2019,2020,32990
C00035,2019,2021,16556
C00035,2019,2022,12998
C00035,2019,2023,23412
C00035,2019,2024,13646
C00036,2019,2019,67432
C00036,2019,2020,22729
C00036,2019,2021,15014
C00036,2019,2022,9312
C00036,2019,2023,7778
C00036,2019,2024,3545
C00037,2019,2019,64271
C00037,2019,2020,34151
C00037,2019,2021,13046
C00037,2019,2022,15908
C00037,2019,2023,9031
C00037,2019,2024,3920
C00038,2019,2019,107258
C00038,2019,2020,41158
C00038,2019,2021,55533
C00038,2019,2022,26985
C00038,2019,2023,20083
C00038,2019,2024,5587
C00039,2019,2019,54730
C00039,2019,2020,26881
C00039,2019,2021,14093
C00039,2019,2022,10536
C00039,2019,2023,14417
C00039,2019,2024,1386
C00040,2019,2019,109138
C00040,2019,2020,81464
C00040,2019,2021,54413
C00040,2019,2022,18360
C00040,2019,2023,27806
C00040,2019,2024,36276
C00041,2019,2019,39324
C00041,2019,2020,12837
C00041,2019,2021,6633
C00041,2019,2022,6282
C00041,2019,2023,5836
C00041,2019,2024,4755
C00042,2019,2019,100596
C00042,2019,2020,60841
C00042,2019,2021,34708
C00042,2019,2022,30367
C00042,2019,2023,4166
C00042,2019,2024,15419
C00043,2019,2019,28354
C00043,2019,2020,26200
C00043,2019,2021,15337
C00043,2019,2022,7471
C00043,2019,2023,2478
C00043,2019,2024,5958
C00044,2019,2019,31212
C00044,2019,2020,29465
C00044,2019,2021,3757
C00044,2019,2022,15954
C00044,2019,2023,6705
C00045,2019,2019,23152
C00045,2019,2020,16725
C00045,2019,2021,11291
C00045,2019,2022,3593
C00045,2019,2023,1467
C00045,2019,2024,593
C00046,2019,2019,8297
C00046,2019,2020,3067
C00046,2019,2021,2355
C00046,2019,2022,3662
C00046,2019,2024,1233
C00047,2019,2019,62905
C00047,2019,2020,32578
C00047,2019,2021,9363
C00047,2019,2022,34077
C00047,2019,2023,7377
C00047,2019,2024,5018
C00048,2019,2019,40343
C00048,2019,2020,22001
C00048,2019,2021,14942
C00048,2019,2022,5166
C00048,2019,2023,5820
C00048,2019,2024,15408
C00049,2019,2019,45284
C00049,2019,2020,13837
C00049,2019,2021,23180
C00049,2019,2022,8441
C00049,2019,2023,9464
C00049,2019,2024,5300
C00050,2019,2019,69915
C00050,2019,2020,18123
C00050,2019,2021,7691
C00050,2019,2022,19650
C00050,2019,2023,4313
C00050,2019,2024,2483
C00051,2019,2019,25657
C00051,2019,2020,28855
C00051,2019,2021,10738
C00051,2019,2022,9138
C00051,2019,2023,646
C00051,2019,2024,10459
C00052,2019,2019,98542
C00052,2019,2020,66036
C00052,2019,2021,15675
C00052,2019,2022,25849
C00052,2019,2023,21822
C00052,2019,2024,13020
C00053,2019,2019,59694
C00053,2019,2020,48474
C00053,2019,2021,17322
C00053,2019,2022,26596
C00053,2019,2023,4245
C00053,2019,2024,8987
C00054,2019,2019,56659
C00054,2019,2020,17080
C00054,2019,2021,12313
C00054,2019,2022,7776
C00054,2019,2023,959
C00054,2019,2024,4860
C00055,2019,2019,21030
C00055,2019,2020,15125
C00055,2019,2021,23330
C00055,2019,2022,6422
C00055,2019,2023,1950
C00055,2019,2024,3048
C00056,2019,2019,108856
C00056,2019,2020,56850
C00056,2019,2021,15383
C00056,2019,2022,9266
C00056,2019,2023,16401
C00056,2019,2024,5492
C00057,2019,2019,28436
C00057,2019,2020,23514
C00057,2019,2021,15650
C00057,2019,2022,7757
C00057,2019,2023,3246
C00057,2019,2024,6210
C00058,2019,2019,110307
C00058,2019,2020,52942
C00058,2019,2021,41263
C00058,2019,2022,27936
C00058,2019,2023,10141
C00058,2019,2024,1502
C00059,2019,2019,54393
C00059,2019,2020,37069
C00059,2019,2021,13559
C00059,2019,2022,15485
C00059,2019,2023,3538
C00059,2019,2024,9921
C00060,2019,2019,32726
C00060,2019,2020,14242
C00060,2019,2021,4849
C00060,2019,2022,2640
C00060,2019,2023,14771
C00060,2019,2024,6731
C00061,2019,2019,23032
C00061,2019,2020,18809
C00061,2019,2021,6149
C00061,2019,2022,7831
C00061,2019,2023,12194
C00061,2019,2024,730
C00062,2019,2019,112913
C00062,2019,2020,63554
C00062,2019,2021,15256
C00062,2019,2022,30962
C00062,2019,2023,6325
C00062,2019,2024,31001
C00063,2019,2019,53017
C00063,2019,2020,33298
C00063,2019,2021,12369
C00063,2019,2022,9210
C00063,2019,2023,6925
C00063,2019,2024,2464
C00064,2019,2019,85746
C00064,2019,2020,66644
C00064,2019,2021,29830
C00064,2019,2022,9509
C00064,2019,2023,25033
C00064,2019,2024,4263
C00065,2019,2019,43129
C00065,2019,2020,31855
C00065,2019,2021,29510
C00065,2019,2022,17724
C00065,2019,2023,15263
C00065,2019,2024,712
C00066,2019,2019,11582
C00066,2019,2020,9696
C00066,2019,2021,3477
C00066,2019,2022,3011
C00066,2019,2023,4135
C00066,2019,2024,690
C00067,2019,2019,74435
C00067,2019,2020,57449
C00067,2019,2021,38114
C00067,2019,2022,6783
C00067,2019,2023,3657
C00067,2019,2024,5201
C00068,2019,2019,34786
C00068,2019,2020,10961
C00068,2019,2021,11129
C00068,2019,2022,6262
C00068,2019,2023,8567
C00068,2019,2024,1106
C00069,2019,2019,66375
C00069,2019,2020,36590
C00069,2019,2021,26772
C00069,2019,2022,4148
C00069,2019,2023,4108
C00069,2019,2024,9685
C00070,2019,2019,106009
C00070,2019,2020,43715
C00070,2019,2021,25260
C00070,2019,2022,7988
C00070,2019,2023,8100
C00070,2019,2024,5532
C00071,2019,2019,107294
C00071,2019,2020,49919
C00071,2019,2021,45945
C00071,2019,2022,15602
C00071,2019,2023,3788
C00071,2019,2024,25100
C00072,2019,2019,125013
C00072,2019,2020,61667
C00072,2019,2021,31563
C00072,2019,2022,16980
C00072,2019,2023,15981
C00072,2019,2024,16539
C00073,2019,2019,77143
C00073,2019,2020,44934
C00073,2019,2021,30749
C00073,2019,2022,27124
C00073,2019,2023,9390
C00073,2019,2024,2721
C00074,2019,2019,42917
C00074,2019,2020,20778
C00074,2019,2021,7325
C00074,2019,2022,6227
C00074,2019,2023,6660
C00074,2019,2024,5479
C00075,2019,2019,44816
C00075,2019,2020,27572
C00075,2019,2021,23298
C00075,2019,2022,7014
C00075,2019,2023,12777
C00075,2019,2024,5649
C00076,2019,2019,19106
C00076,2019,2020,17204
C00076,2019,2021,11543
C00076,2019,2022,4539
C00076,2019,2023,1309
C00076,2019,2024,3757
C00077,2019,2019,42489
C00077,2019,2020,22510
C00077,2019,2021,13859
C00077,2019,2022,4685
C00077,2019,2023,6769
C00077,2019,2024,6706
C00078,2019,2019,49487
C00078,2019,2020,95125
C00078,2019,2021,28339
C00078,2019,2022,13512
C00078,2019,2023,3736
C00078,2019,2024,1695
C00079,2019,2019,54738
C00079,2019,2020,23201
C00079,2019,2021,18127
C00079,2019,2022,16538
C00079,2019,2023,4589
C00079,2019,2024,535
C00080,2019,2019,93303
C00080,2019,2020,32127
C00080,2019,2021,21406
C00080,2019,2022,23817
C00080,2019,2023,3005
C00080,2019,2024,3767
C00081,2020,2020,8863
C00081,2020,2021,5607
C00081,2020,2022,3888
C00081,2020,2023,889
C00081,2020,2024,534
C00082,2020,2020,33999
C00082,2020,2021,18161
C00082,2020,2022,12950
C00082,2020,2023,6749
C00082,2020,2024,10211
C00083,2020,2020,44246
C00083,2020,2021,18130
C00083,2020,2022,11468
C00083,2020,2023,4788
C00083,2020,2024,10760
C00084,2020,2020,19145
C00084,2020,2021,19161
C00084,2020,2022,14348
C00084,2020,2023,4112
C00084,2020,2024,2367
C00085,2020,2020,19726
C00085,2020,2021,10311
C00085,2020,2022,5183
C00085,2020,2023,4765
C00085,2020,2024,2249
C00086,2020,2020,24676
C00086,2020,2021,26582
C00086,2020,2022,6849
C00086,2020,2023,5106
C00086,2020,2024,4340
C00087,2020,2020,65558
C00087,2020,2021,31376
C00087,2020,2022,26065
C00087,2020,2023,16071
C00087,2020,2024,7129
C00088,2020,2020,57034
C00088,2020,2021,39712
C00088,2020,2022,6577
C00088,2020,2023,9482
C00088,2020,2024,8895
C00089,2020,2020,70987
C00089,2020,2021,29726
C00089,2020,2022,24904
C00089,2020,2023,5567
C00089,2020,2024,1722
C00090,2020,2020,15226
C00090,2020,2021,6578
C00090,2020,2022,7009
C00090,2020,2023,3297
C00090,2020,2024,4222
C00091,2020,2020,19288
C00091,2020,2021,17278
C00091,2020,2022,6852
C00091,2020,2023,8479
C00091,2020,2024,520
C00092,2020,2020,51703
C00092,2020,2021,28867
C00092,2020,2022,18600
C00092,2020,2023,28314
C00092,2020,2024,2869
C00093,2020,2020,43965
C00093,2020,2021,17680
C00093,2020,2022,20639
C00093,2020,2023,9061
C00093,2020,2024,4221
C00094,2020,2020,43626
C00094,2020,2021,41112
C00094,2020,2022,11037
C00094,2020,2023,11533
C00094,2020,2024,10050
C00095,2020,2020,34884
C00095,2020,2021,35811
C00095,2020,2022,5773
C00095,2020,2023,3193
C00095,2020,2024,6395
C00096,2020,2020,24543
C00096,2020,2021,20080
C00096,2020,2022,10315
C00096,2020,2023,6870
C00096,2020,2024,734
C00097,2020,2020,74602
C00097,2020,2021,32844
C00097,2020,2022,20148
C00097,2020,2023,17509
C00097,2020,2024,17451
C00098,2020,2020,29588
C00098,2020,2021,13972
C00098,2020,2022,6387
C00098,2020,2023,5981
C00098,2020,2024,3301
C00099,2020,2020,84820
C00099,2020,2021,35435
C00099,2020,2022,37108
C00099,2020,2023,4099
C00099,2020,2024,18695
C00100,2020,2020,30421
C00100,2020,2021,14514
C00100,2020,2022,9100
C00100,2020,2023,8082
C00100,2020,2024,2559
C00101,2020,2020,54138
C00101,2020,2021,21831
C00101,2020,2022,14363
C00101,2020,2023,25374
C00101,2020,2024,14335
C00102,2020,2020,189035
C00102,2020,2021,94573
C00102,2020,2022,63850
C00102,2020,2023,30599
C00102,2020,2024,20436
C00103,2020,2020,73735
C00103,2020,2021,50856
C00103,2020,2022,10078
C00103,2020,2023,2441
C00103,2020,2024,15556
C00104,2020,2020,65649
C00104,2020,2021,40016
C00104,2020,2022,11367
C00104,2020,2023,12902
C00104,2020,2024,2479
C00105,2020,2020,27396
C00105,2020,2021,8780
C00105,2020,2022,6232
C00105,2020,2023,11497
C00105,2020,2024,1583
C00106,2020,2020,21448
C00106,2020,2021,28394
C00106,2020,2022,10968
C00106,2020,2023,8286
C00106,2020,2024,3307
C00107,2020,2020,94799
C00107,2020,2021,51230
C00107,2020,2022,36373
C00107,2020,2023,38254
C00107,2020,2024,28578
C00108,2020,2020,22471
C00108,2020,2021,7365
C00108,2020,2022,15078
C00108,2020,2023,6328
C00108,2020,2024,11929
C00109,2020,2020,42873
C00109,2020,2021,21464
C00109,2020,2022,5366
C00109,2020,2023,6088
C00109,2020,2024,5419
C00110,2020,2020,65276
C00110,2020,2021,23189
C00110,2020,2022,21825
C00110,2020,2023,15627
C00110,2020,2024,17988
C00111,2020,2020,25681
C00111,2020,2021,19435
C00111,2020,2022,9146
C00111,2020,2023,3257
C00111,2020,2024,2893
C00112,2020,2020,69844
C00112,2020,2021,30592
C00112,2020,2022,46690
C00112,2020,2023,6424
C00112,2020,2024,16339
C00113,2020,2020,90961
C00113,2020,2021,62355
C00113,2020,2022,17198
C00113,2020,2023,12117
C00113,2020,2024,1723
C00114,2020,2020,74509
C00114,2020,2021,21010
C00114,2020,2022,13531
C00114,2020,2023,11626
C00114,2020,2024,1882
C00115,2020,2020,44257
C00115,2020,2021,31412
C00115,2020,2022,10750
C00115,2020,2023,5219
C00115,2020,2024,12840
C00116,2020,2020,25546
C00116,2020,2021,15738
C00116,2020,2022,12516
C00116,2020,2023,17575
C00116,2020,2024,1156
C00117,2020,2020,71356
C00117,2020,2021,36521
C00117,2020,2022,35025
C00117,2020,2023,17524
C00117,2020,2024,6033
C00118,2020,2020,50929
C00118,2020,2021,32579
C00118,2020,2022,24105
C00118,2020,2023,7939
C00118,2020,2024,3311
C00119,2020,2020,143433
C00119,2020,2021,74992
C00119,2020,2022,66490
C00119,2020,2023,25551
C00119,2020,2024,7283
C00120,2020,2020,37274
C00120,2020,2021,20921
C00120,2020,2022,17390
C00120,2020,2023,15577
C00120,2020,2024,1560
C00121,2020,2020,108888
C00121,2020,2021,26650
C00121,2020,2022,68733
C00121,2020,2023,8451
C00121,2020,2024,4425
C00122,2020,2020,84889
C00122,2020,2021,30211
C00122,2020,2022,10609
C00122,2020,2023,5918
C00122,2020,2024,9958
C00123,2020,2020,56440
C00123,2020,2021,57330
C00123,2020,2022,19825
C00123,2020,2023,14038
C00123,2020,2024,2824
C00124,2020,2020,53459
C00124,2020,2021,31115
C00124,2020,2022,12382
C00124,2020,2023,7890
C00124,2020,2024,5789
C00125,2020,2020,67981
C00125,2020,2021,15862
C00125,2020,2022,13184
C00125,2020,2023,37136
C00125,2020,2024,4800
C00126,2020,2020,106095
C00126,2020,2021,39322
C00126,2020,2022,38153
C00126,2020,2023,47389
C00126,2020,2024,13471
C00127,2020,2020,22895
C00127,2020,2021,12572
C00127,2020,2022,10739
C00127,2020,2023,14519
C00127,2020,2024,5640
C00128,2020,2020,89089
C00128,2020,2021,19116
C00128,2020,2022,8860
C00128,2020,2023,11856
C00128,2020,2024,11927
C00129,2020,2020,52367
C00129,2020,2021,32113
C00129,2020,2022,11038
C00129,2020,2023,8941
C00129,2020,2024,15273
C00130,2020,2020,27573
C00130,2020,2021,17269
C00130,2020,2022,11021
C00130,2020,2023,4013
C00130,2020,2024,5060
C00131,2020,2020,47773
C00131,2020,2021,37626
C00131,2020,2022,8835
C00131,2020,2023,7885
C00131,2020,2024,2884
C00132,2020,2020,173262
C00132,2020,2021,74755
C00132,2020,2022,52844
C00132,2020,2023,10185
C00132,2020,2024,2278
C00133,2020,2020,45140
C00133,2020,2021,36070
C00133,2020,2022,9810
C00133,2020,2023,16568
C00133,2020,2024,5123
C00134,2020,2020,41686
C00134,2020,2021,28812
C00134,2020,2022,8489
C00134,2020,2023,13561
C00134,2020,2024,4169
C00135,2020,2020,67630
C00135,2020,2021,76773
C00135,2020,2022,19280
C00135,2020,2023,14883
C00135,2020,2024,9572
C00136,2020,2020,74731
C00136,2020,2021,42682
C00136,2020,2022,20376
C00136,2020,2023,20707
C00136,2020,2024,22774
C00137,2020,2020,85719
C00137,2020,2021,54567
C00137,2020,2022,35503
C00137,2020,2023,44669
C00137,2020,2024,10629
C00138,2020,2020,120918
C00138,2020,2021,58891
C00138,2020,2022,36221
C00138,2020,2023,13503
C00138,2020,2024,12420
C00139,2020,2020,25205
C00139,2020,2021,12956
C00139,2020,2022,13366
C00139,2020,2023,5741
C00139,2020,2024,4211
C00140,2020,2020,44998
C00140,2020,2021,21334
C00140,2020,2022,11318
C00140,2020,2023,26054
C00140,2020,2024,4455
C00141,2020,2020,58204
C00141,2020,2021,36674
C00141,2020,2022,27618
C00141,2020,2023,34489
C00141,2020,2024,1826
C00142,2020,2020,138827
C00142,2020,2021,59258
C00142,2020,2022,36327
C00142,2020,2023,18181
C00142,2020,2024,22194
C00143,2020,2020,38134
C00143,2020,2021,25178
C00143,2020,2022,10061
C00143,2020,2023,16224
C00143,2020,2024,9602
C00144,2020,2020,28162
C00144,2020,2021,21785
C00144,2020,2022,10697
C00144,2020,2023,8878
C00144,2020,2024,5186
C00145,2020,2020,43716
C00145,2020,2021,28823
C00145,2020,2022,23888
C00145,2020,2023,12882
C00145,2020,2024,21382
C00146,2020,2020,92222
C00146,2020,2021,33700
C00146,2020,2022,20622
C00146,2020,2023,26175
C00146,2020,2024,2791
C00147,2020,2020,32843
C00147,2020,2021,9535
C00147,2020,2022,10286
C00147,2020,2023,5919
C00147,2020,2024,5443
C00148,2020,2020,77847
C00148,2020,2021,35496
C00148,2020,2022,17530
C00148,2020,2023,2322
C00148,2020,2024,6227
C00149,2020,2020,60911
C00149,2020,2021,48694
C00149,2020,2022,17366
C00149,2020,2023,15050
C00149,2020,2024,12600
C00150,2020,2020,89918
C00150,2020,2021,104876
C00150,2020,2022,25768
C00150,2020,2023,26776
C00150,2020,2024,16029
C00151,2020,2020,59543
C00151,2020,2021,22039
C00151,2020,2022,10931
C00151,2020,2023,9028
C00151,2020,2024,6597
C00152,2020,2020,26328
C00152,2020,2021,14143
C00152,2020,2022,8976
C00152,2020,2023,5043
C00152,2020,2024,10054
C00153,2020,2020,112911
C00153,2020,2021,72017
C00153,2020,2022,19051
C00153,2020,2023,35471
C00153,2020,2024,14119
C00154,2020,2020,54742
C00154,2020,2021,35055
C00154,2020,2022,15936
C00154,2020,2023,28452
C00154,2020,2024,4868
C00155,2020,2020,54981
C00155,2020,2021,32129
C00155,2020,2022,20582
C00155,2020,2023,10740
C00155,2020,2024,7688
C00156,2020,2020,89140
C00156,2020,2021,130787
C00156,2020,2022,72760
C00156,2020,2023,43222
C00156,2020,2024,16653
C00157,2020,2020,79094
C00157,2020,2021,19448
C00157,2020,2022,20139
C00157,2020,2023,18305
C00157,2020,2024,10556
C00158,2020,2020,71820
C00158,2020,2021,66499
C00158,2020,2022,21761
C00158,2020,2023,14729
C00158,2020,2024,2982
C00159,2020,2020,104523
C00159,2020,2021,79025
C00159,2020,2022,12189
C00159,2020,2023,18221
C00159,2020,2024,6558
C00160,2020,2020,31205
C00160,2020,2021,13577
C00160,2020,2022,8616
C00160,2020,2023,6326
C00160,2020,2024,2239
C00161,2020,2020,53921
C00161,2020,2021,43743
C00161,2020,2022,14172
C00161,2020,2023,23023
C00161,2020,2024,4382
C00162,2020,2020,137522
C00162,2020,2021,94841
C00162,2020,2022,42723
C00162,2020,2023,74981
C00162,2020,2024,21561
C00163,2020,2020,121603
C00163,2020,2021,61089
C00163,2020,2022,11863
C00163,2020,2023,11980
C00163,2020,2024,31677
C00164,2020,2020,15424
C00164,2020,2021,8519
C00164,2020,2022,7339
C00164,2020,2023,7599
C00164,2020,2024,3499
C00165,2020,2020,32872
C00165,2020,2021,11032
C00165,2020,2022,12711
C00165,2020,2023,9550
C00165,2020,2024,2557
C00166,2020,2020,30951
C00166,2020,2021,21479
C00166,2020,2022,10834
C00166,2020,2023,13333
C00166,2020,2024,5261
C00167,2020,2020,39611
C00167,2020,2021,12067
C00167,2020,2022,9460
C00167,2020,2023,10410
C00167,2020,2024,5112
C00168,2020,2020,62109
C00168,2020,2021,16422
C00168,2020,2022,12153
C00168,2020,2023,33144
C00168,2020,2024,6390
C00169,2020,2020,98896
C00169,2020,2021,64953
C00169,2020,2022,13053
C00169,2020,2023,29038
C00169,2020,2024,17361
C00170,2021,2021,46560
C00170,2021,2022,53428
C00170,2021,2023,37635
C00170,2021,2024,5512
C00171,2021,2021,11482
C00171,2021,2022,4288
C00171,2021,2023,1306
C00171,2021,2024,1792
C00172,2021,2021,50685
C00172,2021,2022,33669
C00172,2021,2023,40132
C00172,2021,2024,12245
C00173,2021,2021,52583
C00173,2021,2022,29516
C00173,2021,2023,9030
C00173,2021,2024,9123
C00174,2021,2021,100605
C00174,2021,2022,42116
C00174,2021,2023,25623
C00174,2021,2024,21101
C00175,2021,2021,41758
C00175,2021,2022,25356
C00175,2021,2023,30057
C00175,2021,2024,14109
C00176,2021,2021,33703
C00176,2021,2022,48675
C00176,2021,2023,5503
C00176,2021,2024,25793
C00177,2021,2021,64334
C00177,2021,2022,48002
C00177,2021,2023,32999
C00177,2021,2024,14517
C00178,2021,2021,29683
C00178,2021,2022,9274
C00178,2021,2023,9450
C00178,2021,2024,9153
C00179,2021,2021,36095
C00179,2021,2022,19902
C00179,2021,2023,27771
C00179,2021,2024,11432
C00180,2021,2021,69589
C00180,2021,2022,53745
C00180,2021,2023,35182
C00180,2021,2024,26615
C00181,2021,2021,46816
C00181,2021,2022,24868
C00181,2021,2023,7357
C00181,2021,2024,13584
C00182,2021,2021,67355
C00182,2021,2022,30161
C00182,2021,2023,9914
C00182,2021,2024,15963
C00183,2021,2021,96605
C00183,2021,2022,38620
C00183,2021,2023,14027
C00183,2021,2024,13185
C00184,2021,2021,27310
C00184,2021,2022,13421
C00184,2021,2023,7941
C00184,2021,2024,7549
C00185,2021,2021,50540
C00185,2021,2022,29090
C00185,2021,2023,6965
C00185,2021,2024,9065
C00186,2021,2021,47291
C00186,2021,2022,29637
C00186,2021,2023,18246
C00186,2021,2024,14410
C00187,2021,2021,53278
C00187,2021,2022,54828
C00187,2021,2023,12668
C00187,2021,2024,9219
C00188,2021,2021,94322
C00188,2021,2022,40209
C00188,2021,2023,29052
C00188,2021,2024,19738
C00189,2021,2021,28677
C00189,2021,2022,16836
C00189,2021,2023,15490
C00189,2021,2024,12550
C00190,2021,2021,34145
C00190,2021,2022,11085
C00190,2021,2023,9573
C00190,2021,2024,10819
C00191,2021,2021,21129
C00191,2021,2022,23214
C00191,2021,2023,17749
C00191,2021,2024,5407
C00192,2021,2021,49984
C00192,2021,2022,17023
C00192,2021,2023,18625
C00192,2021,2024,20395
C00193,2021,2021,64294
C00193,2021,2022,36963
C00193,2021,2023,19407
C00193,2021,2024,20322
C00194,2021,2021,93450
C00194,2021,2022,85257
C00194,2021,2023,31037
C00194,2021,2024,19144
C00195,2021,2021,80512
C00195,2021,2022,81899
C00195,2021,2023,14303
C00195,2021,2024,51187
C00196,2021,2021,51690
C00196,2021,2022,24595
C00196,2021,2023,10005
C00196,2021,2024,9310
C00197,2021,2021,75872
C00197,2021,2022,48642
C00197,2021,2023,18324
C00197,2021,2024,23240
C00198,2021,2021,87730
C00198,2021,2022,73552
C00198,2021,2023,31976
C00198,2021,2024,5372
C00199,2021,2021,58375
C00199,2021,2022,24889
C00199,2021,2023,7971
C00199,2021,2024,9852
C00200,2021,2021,61197
C00200,2021,2022,47427
C00200,2021,2023,23183
C00200,2021,2024,23600
C00201,2021,2021,39352
C00201,2021,2022,36866
C00201,2021,2023,20878
C00201,2021,2024,16744
C00202,2021,2021,59778
C00202,2021,2022,53772
C00202,2021,2023,35843
C00202,2021,2024,27845
C00203,2021,2021,45109
C00203,2021,2022,31187
C00203,2021,2023,23766
C00203,2021,2024,13803
C00204,2021,2021,21112
C00204,2021,2022,12586
C00204,2021,2023,5337
C00204,2021,2024,3150
C00205,2021,2021,46205
C00205,2021,2022,27752
C00205,2021,2023,40520
C00205,2021,2024,23104
C00206,2021,2021,70899
C00206,2021,2022,51460
C00206,2021,2023,17265
C00206,2021,2024,7145
C00207,2021,2021,62036
C00207,2021,2022,31418
C00207,2021,2023,6908
C00207,2021,2024,16841
C00208,2021,2021,81391
C00208,2021,2022,27346
C00208,2021,2023,22644
C00208,2021,2024,15239
C00209,2021,2021,65110
C00209,2021,2022,44629
C00209,2021,2023,24616
C00209,2021,2024,7999
C00210,2021,2021,86239
C00210,2021,2022,47497
C00210,2021,2023,33382
C00210,2021,2024,19325
C00211,2021,2021,26362
C00211,2021,2022,30102
C00211,2021,2023,8297
C00211,2021,2024,11908
C00212,2021,2021,71074
C00212,2021,2022,20344
C00212,2021,2023,12204
C00212,2021,2024,13555
C00213,2021,2021,119125
C00213,2021,2022,38566
C00213,2021,2023,30519
C00213,2021,2024,6245
C00214,2021,2021,55126
C00214,2021,2022,23940
C00214,2021,2023,27979
C00214,2021,2024,19812
C00215,2021,2021,104770
C00215,2021,2022,47039
C00215,2021,2023,34842
C00215,2021,2024,37002
C00216,2021,2021,10812
C00216,2021,2022,9713
C00216,2021,2023,3670
C00216,2021,2024,2449
C00217,2021,2021,34995
C00217,2021,2022,14445
C00217,2021,2023,16710
C00217,2021,2024,4969
C00218,2021,2021,49496
C00218,2021,2022,18858
C00218,2021,2023,18186
C00218,2021,2024,15968
C00219,2021,2021,30979
C00219,2021,2022,24972
C00219,2021,2023,4657
C00219,2021,2024,8391
C00220,2021,2021,69754
C00220,2021,2022,36171
C00220,2021,2023,30239
C00220,2021,2024,28671
C00221,2021,2021,25460
C00221,2021,2022,12255
C00221,2021,2023,8515
C00221,2021,2024,7029
C00222,2021,2021,30984
C00222,2021,2022,23632
C00222,2021,2023,6131
C00222,2021,2024,5781
C00223,2021,2021,23001
C00223,2021,2022,27296
C00223,2021,2023,12225
C00223,2021,2024,2881
C00224,2021,2021,88778
C00224,2021,2022,57219
C00224,2021,2023,37664
C00224,2021,2024,17323
C00225,2021,2021,157670
C00225,2021,2022,55463
C00225,2021,2023,47894
C00225,2021,2024,24117
C00226,2021,2021,94171
C00226,2021,2022,62018
C00226,2021,2023,20640
C00226,2021,2024,12350
C00227,2021,2021,29875
C00227,2021,2022,49171
C00227,2021,2023,17486
C00227,2021,2024,12810
C00228,2021,2021,38077
C00228,2021,2022,31364
C00228,2021,2023,11908
C00228,2021,2024,8099
C00229,2021,2021,19755
C00229,2021,2022,8071
C00229,2021,2023,7199
C00229,2021,2024,713
C00230,2021,2021,66899
C00230,2021,2022,16790
C00230,2021,2023,16840
C00230,2021,2024,7798
C00231,2021,2021,31416
C00231,2021,2022,22263
C00231,2021,2023,6398
C00231,2021,2024,8513
C00232,2021,2021,80962
C00232,2021,2022,39021
C00232,2021,2023,14728
C00232,2021,2024,17220
C00233,2021,2021,22924
C00233,2021,2022,13744
C00233,2021,2023,7454
C00233,2021,2024,3331
C00234,2021,2021,36159
C00234,2021,2022,24133
C00234,2021,2023,7923
C00234,2021,2024,15085
C00235,2021,2021,41162
C00235,2021,2022,25384
C00235,2021,2023,8554
C00235,2021,2024,15896
C00236,2021,2021,48449
C00236,2021,2022,12705
C00236,2021,2023,10206
C00236,2021,2024,2643
C00237,2021,2021,51728
C00237,2021,2022,44251
C00237,2021,2023,15838
C00237,2021,2024,2507
C00238,2021,2021,67716
C00238,2021,2022,17604
C00238,2021,2023,37620
C00238,2021,2024,11444
C00239,2021,2021,25477
C00239,2021,2022,19472
C00239,2021,2023,14268
C00239,2021,2024,5365
C00240,2021,2021,93006
C00240,2021,2022,25371
C00240,2021,2023,25204
C00240,2021,2024,21651
C00241,2021,2021,113363
C00241,2021,2022,25503
C00241,2021,2023,18073
C00241,2021,2024,25114
C00242,2021,2021,43689
C00242,2021,2022,23510
C00242,2021,2023,12616
C00242,2021,2024,13239
C00243,2021,2021,47896
C00243,2021,2022,14093
C00243,2021,2023,5787
C00243,2021,2024,9919
C00244,2021,2021,57164
C00244,2021,2022,32894
C00244,2021,2023,49833
C00244,2021,2024,31145
C00245,2021,2021,94448
C00245,2021,2022,68408
C00245,2021,2023,18736
C00245,2021,2024,18179
C00246,2021,2021,17268
C00246,2021,2022,14360
C00246,2021,2023,11317
C00246,2021,2024,7894
C00247,2021,2021,17255
C00247,2021,2022,20739
C00247,2021,2023,5898
C00247,2021,2024,5517
C00248,2021,2021,76374
C00248,2021,2022,51462
C00248,2021,2023,32229
C00248,2021,2024,18335
C00249,2021,2021,119955
C00249,2021,2022,91175
C00249,2021,2023,39475
C00249,2021,2024,15421
C00250,2021,2021,35903
C00250,2021,2022,29707
C00250,2021,2023,7319
C00250,2021,2024,12745
C00251,2021,2021,59718
C00251,2021,2022,34259
C00251,2021,2023,31589
C00251,2021,2024,22739
C00252,2021,2021,50903
C00252,2021,2022,20421
C00252,2021,2023,33361
C00252,2021,2024,9402
C00253,2021,2021,39234
C00253,2021,2022,15272
C00253,2021,2023,13106
C00253,2021,2024,9725
C00254,2021,2021,42128
C00254,2021,2022,22322
C00254,2021,2023,8225
C00254,2021,2024,13288
C00255,2021,2021,19939
C00255,2021,2022,12491
C00255,2021,2023,13227
C00255,2021,2024,5917
C00256,2021,2021,60746
C00256,2021,2022,33818
C00256,2021,2023,38062
C00256,2021,2024,55426
C00257,2021,2021,61307
C00257,2021,2022,41019
C00257,2021,2023,12563
C00257,2021,2024,31862
C00258,2021,2021,35962
C00258,2021,2022,11677
C00258,2021,2023,10495
C00258,2021,2024,7526
C00259,2021,2021,45592
C00259,2021,2022,37369
C00259,2021,2023,28107
C00259,2021,2024,24535
C00260,2021,2021,66599
C00260,2021,2022,14172
C00260,2021,2023,22301
C00260,2021,2024,15133
C00261,2021,2021,28125
C00261,2021,2022,15998
C00261,2021,2023,8257
C00261,2021,2024,6776
C00262,2022,2022,61269
C00262,2022,2023,26270
C00262,2022,2024,21666
C00263,2022,2022,58756
C00263,2022,2023,17198
C00263,2022,2024,32542
C00264,2022,2022,85942
C00264,2022,2023,30246
C00264,2022,2024,16968
C00265,2022,2022,52959
C00265,2022,2023,68110
C00265,2022,2024,18325
C00266,2022,2022,25891
C00266,2022,2023,29762
C00266,2022,2024,14182
C00267,2022,2022,72052
C00267,2022,2023,44917
C00267,2022,2024,11860
C00268,2022,2022,63737
C00268,2022,2023,31160
C00268,2022,2024,28783
C00269,2022,2022,47309
C00269,2022,2023,33982
C00269,2022,2024,21086
C00270,2022,2022,50458
C00270,2022,2023,15776
C00270,2022,2024,5129
C00271,2022,2022,39285
C00271,2022,2023,31138
C00271,2022,2024,23584
C00272,2022,2022,19174
C00272,2022,2023,13799
C00272,2022,2024,1766
C00273,2022,2022,120856
C00273,2022,2023,57711
C00273,2022,2024,24474
C00274,2022,2022,15016
C00274,2022,2023,12154
C00274,2022,2024,4989
C00275,2022,2022,68370
C00275,2022,2023,55436
C00275,2022,2024,34392
C00276,2022,2022,64576
C00276,2022,2023,31910
C00276,2022,2024,18059
C00277,2022,2022,96385
C00277,2022,2023,28455
C00277,2022,2024,15921
C00278,2022,2022,74926
C00278,2022,2023,56551
C00278,2022,2024,32525
C00279,2022,2022,50360
C00279,2022,2023,29939
C00279,2022,2024,12719
C00280,2022,2022,66204
C00280,2022,2023,45842
C00280,2022,2024,13034
C00281,2022,2022,41641
C00281,2022,2023,22096
C00281,2022,2024,6856
C00282,2022,2022,57971
C00282,2022,2023,49090
C00282,2022,2024,21794
C00283,2022,2022,70370
C00283,2022,2023,21427
C00283,2022,2024,17514
C00284,2022,2022,17055
C00284,2022,2023,8464
C00284,2022,2024,4861
C00285,2022,2022,48186
C00285,2022,2023,28348
C00285,2022,2024,14854
C00286,2022,2022,49964
C00286,2022,2023,28385
C00286,2022,2024,20089
C00287,2022,2022,38284
C00287,2022,2023,22462
C00287,2022,2024,18050
C00288,2022,2022,38031
C00288,2022,2023,35806
C00288,2022,2024,14565
C00289,2022,2022,57462
C00289,2022,2023,47709
C00289,2022,2024,17919
C00290,2022,2022,131924
C00290,2022,2023,60855
C00290,2022,2024,75701
C00291,2022,2022,57257
C00291,2022,2023,50941
C00291,2022,2024,16481
C00292,2022,2022,97441
C00292,2022,2023,30344
C00292,2022,2024,16362
C00293,2022,2022,37526
C00293,2022,2023,10604
C00293,2022,2024,11404
C00294,2022,2022,45232
C00294,2022,2023,20535
C00294,2022,2024,11590
C00295,2022,2022,127750
C00295,2022,2023,80430
C00295,2022,2024,33593
C00296,2022,2022,38771
C00296,2022,2023,22703
C00296,2022,2024,11444
C00297,2022,2022,53872
C00297,2022,2023,17044
C00297,2022,2024,36430
C00298,2022,2022,39821
C00298,2022,2023,13196
C00298,2022,2024,6507
C00299,2022,2022,104909
C00299,2022,2023,83454
C00299,2022,2024,49798
C00300,2022,2022,26732
C00300,2022,2023,18434
C00300,2022,2024,20466
C00301,2022,2022,49253
C00301,2022,2023,25694
C00301,2022,2024,10368
C00302,2022,2022,22581
C00302,2022,2023,13769
C00302,2022,2024,6369
C00303,2022,2022,14061
C00303,2022,2023,15808
C00303,2022,2024,13884
C00304,2022,2022,39848
C00304,2022,2023,19644
C00304,2022,2024,10046
C00305,2022,2022,124221
C00305,2022,2023,37611
C00305,2022,2024,27602
C00306,2022,2022,10017
C00306,2022,2023,10781
C00306,2022,2024,2085
C00307,2022,2022,16792
C00307,2022,2023,5221
C00307,2022,2024,7736
C00308,2022,2022,20576
C00308,2022,2023,28329
C00308,2022,2024,17503
C00309,2022,2022,99837
C00309,2022,2023,58256
C00309,2022,2024,43235
C00310,2022,2022,192398
C00310,2022,2023,82988
C00310,2022,2024,87588
C00311,2022,2022,21366
C00311,2022,2023,16059
C00311,2022,2024,5694
C00312,2022,2022,62494
C00312,2022,2023,27816
C00312,2022,2024,15960
C00313,2022,2022,34101
C00313,2022,2023,23447
C00313,2022,2024,10993
C00314,2022,2022,81820
C00314,2022,2023,48913
C00314,2022,2024,42777
C00315,2022,2022,87325
C00315,2022,2023,67578
C00315,2022,2024,22809
C00316,2022,2022,24301
C00316,2022,2023,17795
C00316,2022,2024,6376
C00317,2022,2022,30260
C00317,2022,2023,17871
C00317,2022,2024,22845
C00318,2022,2022,35520
C00318,2022,2023,32816
C00318,2022,2024,23982
C00319,2022,2022,54682
C00319,2022,2023,32089
C00319,2022,2024,17054
C00320,2022,2022,36763
C00320,2022,2023,28584
C00320,2022,2024,12675
C00321,2022,2022,132220
C00321,2022,2023,68176
C00321,2022,2024,35190
C00322,2022,2022,38252
C00322,2022,2023,43689
C00322,2022,2024,16744
C00323,2022,2022,47841
C00323,2022,2023,27632
C00323,2022,2024,9524
C00324,2022,2022,20426
C00324,2022,2023,8599
C00324,2022,2024,8916
C00325,2022,2022,31039
C00325,2022,2023,14808
C00325,2022,2024,5405
C00326,2022,2022,63630
C00326,2022,2023,27519
C00326,2022,2024,12470
C00327,2022,2022,43489
C00327,2022,2023,22122
C00327,2022,2024,8577
C00328,2022,2022,27934
C00328,2022,2023,13263
C00328,2022,2024,6648
C00329,2022,2022,34342
C00329,2022,2023,26566
C00329,2022,2024,13138
C00330,2022,2022,38170
C00330,2022,2023,13246
C00330,2022,2024,15030
C00331,2022,2022,45361
C00331,2022,2023,25191
C00331,2022,2024,28090
C00332,2022,2022,41520
C00332,2022,2023,36193
C00332,2022,2024,16950
C00333,2022,2022,28060
C00333,2022,2023,19135
C00333,2022,2024,18364
C00334,2022,2022,89282
C00334,2022,2023,53853
C00334,2022,2024,27417
C00335,2022,2022,35693
C00335,2022,2023,28879
C00335,2022,2024,12185
C00336,2022,2022,28050
C00336,2022,2023,26762
C00336,2022,2024,16336
C00337,2022,2022,51903
C00337,2022,2023,16792
C00337,2022,2024,5271
C00338,2022,2022,116496
C00338,2022,2023,47534
C00338,2022,2024,34558
C00339,2022,2022,87074
C00339,2022,2023,48136
C00339,2022,2024,14735
C00340,2022,2022,31289
C00340,2022,2023,11791
C00340,2022,2024,8612
C00341,2022,2022,18398
C00341,2022,2023,10731
C00341,2022,2024,3510
C00342,2022,2022,32857
C00342,2022,2023,25448
C00342,2022,2024,43746
C00343,2022,2022,55432
C00343,2022,2023,27755
C00343,2022,2024,9617
C00344,2022,2022,32765
C00344,2022,2023,27276
C00344,2022,2024,15545
C00345,2022,2022,31001
C00345,2022,2023,20849
C00345,2022,2024,17713
C00346,2022,2022,43854
C00346,2022,2023,33083
C00346,2022,2024,24054
C00347,2022,2022,86395
C00347,2022,2023,59645
C00347,2022,2024,23350
C00348,2022,2022,26999
C00348,2022,2023,22941
C00348,2022,2024,10118
C00349,2022,2022,20365
C00349,2022,2023,10687
C00349,2022,2024,4722
C00350,2022,2022,38750
C00350,2022,2023,30123
C00350,2022,2024,24521
C00351,2022,2022,217403
C00351,2022,2023,174956
C00351,2022,2024,45497
C00352,2022,2022,20233
C00352,2022,2023,13635
C00352,2022,2024,6612
C00353,2022,2022,75940
C00353,2022,2023,28461
C00353,2022,2024,14340
C00354,2022,2022,101550
C00354,2022,2023,36792
C00354,2022,2024,18439
C00355,2022,2022,35377
C00355,2022,2023,20052
C00355,2022,2024,3684
C00356,2022,2022,17668
C00356,2022,2023,12317
C00356,2022,2024,3948
C00357,2022,2022,55869
C00357,2022,2023,24617
C00357,2022,2024,32102
C00358,2022,2022,136088
C00358,2022,2023,44960
C00358,2022,2024,14309
C00359,2022,2022,37090
C00359,2022,2023,19214
C00359,2022,2024,6832
C00360,2022,2022,58492
C00360,2022,2023,30279
C00360,2022,2024,14908
C00361,2022,2022,45035
C00361,2022,2023,50664
C00361,2022,2024,13480
C00362,2022,2022,34777
C00362,2022,2023,23562
C00362,2022,2024,8268
C00363,2022,2022,198152
C00363,2022,2023,33259
C00363,2022,2024,43892
C00364,2022,2022,50404
C00364,2022,2023,18100
C00364,2022,2024,9568
C00365,2022,2022,113900
C00365,2022,2023,79711
C00365,2022,2024,42101
C00366,2023,2023,37006
C00366,2023,2024,22939
C00367,2023,2023,36736
C00367,2023,2024,13166
C00368,2023,2023,68427
C00368,2023,2024,25775
C00369,2023,2023,25189
C00369,2023,2024,33662
C00370,2023,2023,91523
C00370,2023,2024,88576
C00371,2023,2023,35841
C00371,2023,2024,22423
C00372,2023,2023,37755
C00372,2023,2024,34369
C00373,2023,2023,83208
C00373,2023,2024,30105
C00374,2023,2023,39979
C00374,2023,2024,12594
C00375,2023,2023,34117
C00375,2023,2024,16784
C00376,2023,2023,29209
C00376,2023,2024,18096
C00377,2023,2023,11028
C00377,2023,2024,8133
C00378,2023,2023,51987
C00378,2023,2024,37822
C00379,2023,2023,25144
C00379,2023,2024,21943
C00380,2023,2023,114600
C00380,2023,2024,60684
C00381,2023,2023,25939
C00381,2023,2024,25005
C00382,2023,2023,54470
C00382,2023,2024,20646
C00383,2023,2023,38696
C00383,2023,2024,24329
C00384,2023,2023,12062
C00384,2023,2024,10899
C00385,2023,2023,110563
C00385,2023,2024,44990
C00386,2023,2023,26351
C00386,2023,2024,16428
C00387,2023,2023,60320
C00387,2023,2024,36029
C00388,2023,2023,16055
C00388,2023,2024,28954
C00389,2023,2023,40535
C00389,2023,2024,24653
C00390,2023,2023,103851
C00390,2023,2024,39418
C00391,2023,2023,24203
C00391,2023,2024,14163
C00392,2023,2023,61502
C00392,2023,2024,22496
C00393,2023,2023,32227
C00393,2023,2024,9193
C00394,2023,2023,49093
C00394,2023,2024,22737
C00395,2023,2023,75093
C00395,2023,2024,34200
C00396,2023,2023,229413
C00396,2023,2024,99212
C00397,2023,2023,80591
C00397,2023,2024,36072
C00398,2023,2023,26119
C00398,2023,2024,20348
C00399,2023,2023,16809
C00399,2023,2024,13437
C00400,2023,2023,24453
C00400,2023,2024,13460
C00401,2023,2023,194795
C00401,2023,2024,87170
C00402,2023,2023,46053
C00402,2023,2024,20131
C00403,2023,2023,13339
C00403,2023,2024,5098
C00404,2023,2023,22792
C00404,2023,2024,14758
C00405,2023,2023,118651
C00405,2023,2024,44621
C00406,2023,2023,27324
C00406,2023,2024,15421
C00407,2023,2023,11568
C00407,2023,2024,9457
C00408,2023,2023,250951
C00408,2023,2024,308267
C00409,2023,2023,24797
C00409,2023,2024,14214
C00410,2023,2023,19534
C00410,2023,2024,28317
C00411,2023,2023,151041
C00411,2023,2024,68309
C00412,2023,2023,55949
C00412,2023,2024,27773
C00413,2023,2023,91964
C00413,2023,2024,52039
C00414,2023,2023,45403
C00414,2023,2024,32870
C00415,2023,2023,18740
C00415,2023,2024,14464
C00416,2023,2023,52973
C00416,2023,2024,27488
C00417,2023,2023,27005
C00417,2023,2024,27038
C00418,2023,2023,102709
C00418,2023,2024,73470
C00419,2023,2023,76620
C00419,2023,2024,26831
C00420,2023,2023,43609
C00420,2023,2024,10275
C00421,2023,2023,21420
C00421,2023,2024,13895
C00422,2023,2023,53320
C00422,2023,2024,37665
C00423,2023,2023,84154
C00423,2023,2024,35168
C00424,2023,2023,14481
C00424,2023,2024,9174
C00425,2023,2023,23667
C00425,2023,2024,13190
C00426,2023,2023,62568
C00426,2023,2024,34636
C00427,2023,2023,39452
C00427,2023,2024,22495
C00428,2023,2023,135411
C00428,2023,2024,21593
C00429,2023,2023,18042
C00429,2023,2024,19903
C00430,2023,2023,74479
C00430,2023,2024,15481
C00431,2023,2023,8524
C00431,2023,2024,5992
C00432,2023,2023,85375
C00432,2023,2024,19945
C00433,2023,2023,77596
C00433,2023,2024,28671
C00434,2023,2023,40478
C00434,2023,2024,15982
C00435,2023,2023,15193
C00435,2023,2024,10532
C00436,2023,2023,88927
C00436,2023,2024,47923
C00437,2023,2023,37463
C00437,2023,2024,16055
C00438,2023,2023,121463
C00438,2023,2024,105031
C00439,2023,2023,58800
C00439,2023,2024,46729
C00440,2023,2023,65222
C00440,2023,2024,22550
C00441,2023,2023,19222
C00441,2023,2024,16085
C00442,2023,2023,25346
C00442,2023,2024,9784
C00443,2023,2023,50530
C00443,2023,2024,14252
C00444,2023,2023,72506
C00444,2023,2024,59635
C00445,2023,2023,96289
C00445,2023,2024,43379
C00446,2023,2023,30585
C00446,2023,2024,10603
C00447,2023,2023,25726
C00447,2023,2024,10572
C00448,2023,2023,123362
C00448,2023,2024,64274
C00449,2023,2023,54366
C00449,2023,2024,32088
C00450,2023,2023,41723
C00450,2023,2024,28077
C00451,2023,2023,27063
C00451,2023,2024,13283
C00452,2023,2023,12930
C00452,2023,2024,10688
C00453,2023,2023,76245
C00453,2023,2024,31812
C00454,2023,2023,41294
C00454,2023,2024,28634
C00455,2023,2023,23357
C00455,2023,2024,24269
C00456,2023,2023,27819
C00456,2023,2024,16072
C00457,2023,2023,58248
C00457,2023,2024,33305
C00458,2023,2023,27370
C00458,2023,2024,24681
C00459,2023,2023,113643
C00459,2023,2024,46669
C00460,2023,2023,57966
C00460,2023,2024,42908
C00461,2023,2023,25700
C00461,2023,2024,17366
C00462,2023,2023,116771
C00462,2023,2024,38674
C00463,2023,2023,66819
C00463,2023,2024,52735
C00464,2023,2023,34930
C00464,2023,2024,17988
C00465,2023,2023,67978
C00465,2023,2024,17513
C00466,2023,2023,53521
C00466,2023,2024,15884
C00467,2023,2023,32854
C00467,2023,2024,17244
C00468,2023,2023,58477
C00468,2023,2024,26045
C00469,2023,2023,8325
C00469,2023,2024,10860
C00470,2023,2023,42657
C00470,2023,2024,27569
C00471,2023,2023,70953
C00471,2023,2024,35143
C00472,2023,2023,63542
C00472,2023,2024,40664
C00473,2023,2023,30821
C00473,2023,2024,19983
C00474,2023,2023,61369
C00474,2023,2024,33923
C00475,2023,2023,63556
C00475,2023,2024,29664
C00476,2024,2024,63064
C00477,2024,2024,21362
C00478,2024,2024,60852
C00479,2024,2024,76617
C00480,2024,2024,64273
C00481,2024,2024,25783
C00482,2024,2024,47528
C00483,2024,2024,45500
C00484,2024,2024,36103
C00485,2024,2024,46874
C00486,2024,2024,100174
C00487,2024,2024,76898
C00488,2024,2024,45046
C00489,2024,2024,21275
C00490,2024,2024,48248
C00491,2024,2024,119436
C00492,2024,2024,55588
C00493,2024,2024,122530
C00494,2024,2024,20572
C00495,2024,2024,44013
C00496,2024,2024,87227
C00497,2024,2024,32565
C00498,2024,2024,73979
C00499,2024,2024,67416
C00500,2024,2024,80109
C00501,2024,2024,24679
C00502,2024,2024,73837
C00503,2024,2024,38292
C00504,2024,2024,108438
C00505,2024,2024,181253
C00506,2024,2024,73264
C00507,2024,2024,44815
C00508,2024,2024,32000
C00509,2024,2024,142681
C00510,2024,2024,135743
C00511,2024,2024,73241
C00512,2024,2024,54086
C00513,2024,2024,62073
C00514,2024,2024,54748
C00515,2024,2024,72159
C00516,2024,2024,51794
C00517,2024,2024,201061
C00518,2024,2024,41337
C00519,2024,2024,17163
C00520,2024,2024,58471
C00521,2024,2024,12423
C00522,2024,2024,183140
C00523,2024,2024,58192
C00524,2024,2024,79594
C00525,2024,2024,48503
C00526,2024,2024,49446
C00527,2024,2024,80580
C00528,2024,2024,17156
C00529,2024,2024,51852
C00530,2024,2024,16883
C00531,2024,2024,94920
C00532,2024,2024,122498
C00533,2024,2024,50657
C00534,2024,2024,117754
C00535,2024,2024,141027
C00536,2024,2024,50919
C00537,2024,2024,48427
C00538,2024,2024,142252
C00539,2024,2024,7202
C00540,2024,2024,50688
C00541,2024,2024,252945
C00542,2024,2024,49303
C00543,2024,2024,30314
C00544,2024,2024,50340
C00545,2024,2024,89023
C00546,2024,2024,38096
C00547,2024,2024,58579
C00548,2024,2024,27298
C00549,2024,2024,98864
C00550,2024,2024,131218
C00551,2024,2024,163921
C00552,2024,2024,81615
C00553,2024,2024,38620
C00554,2024,2024,10366
C00555,2024,2024,57281
C00556,2024,2024,26181
C00557,2024,2024,105205
C00558,2024,2024,137883
C00559,2024,2024,33538
C00560,2024,2024,135218
C00561,2024,2024,64365
C00562,2024,2024,37664
C00563,2024,2024,65032
C00564,2024,2024,60464
C00565,2024,2024,126996
C00566,2024,2024,55410
C00567,2024,2024,47656
C00568,2024,2024,44838
C00569,2024,2024,85348
C00570,2024,2024,53000
C00571,2024,2024,32241
C00572,2024,2024,51790
C00573,2024,2024,54517
C00574,2024,2024,23533
C00575,2024,2024,59214
C00576,2024,2024,86101
C00577,2024,2024,77673
C00578,2024,2024,14545
C00579,2024,2024,58083
C00580,2024,2024,47883
C00581,2024,2024,71517
C00582,2024,2024,17226
C00583,2024,2024,60304
C00584,2024,2024,47518
C00585,2024,2024,60632
C00586,2024,2024,43972
C00587,2024,2024,40050
C00588,2024,2024,35261
C00589,2024,2024,39113
C00590,2024,2024,110734
C00591,2024,2024,45456
C00592,2024,2024,31415
